YEAR,AVG avg_interest_among_all_matuarity
2013,1.062845833
2014,1.1044125
2015,1.039116667
2016,0.9061375
2017,0.941758333
